{
 "checkpoint": "pyaegean_repo/training/out/full/model",
 "compose": "lookup-first",
 "treebank": "perseus",
 "split": "test",
 "lemma": 0.9416956915883391,
 "uas": 0.885824705377165,
 "las": 0.8379693687675939,
 "clas": 0.8241264741319508,
 "upos": 0.9680805381936161,
 "xpos": 0.9333937687866788,
 "ufeats": 0.9602557373920512,
 "n_sentences": 1306,
 "n_words": 20959
}