{
 "checkpoint": "pyaegean_repo/training/out/full/model",
 "compose": "lookup-first",
 "treebank": "proiel",
 "split": "test",
 "lemma": 0.8583445996695208,
 "uas": 0.8104251164188073,
 "las": 0.6267087276550999,
 "clas": 0.5966624161445917,
 "upos": 0.8767462821090581,
 "xpos": 0.0,
 "ufeats": 0.5900555805918581,
 "n_sentences": 1047,
 "n_words": 13314
}