{
 "checkpoint": "pyaegean_repo/training/out/full/model",
 "compose": "lookup-first",
 "treebank": "perseus",
 "split": "test",
 "lemma": 0.8770933727754187,
 "uas": 0.874135216374827,
 "las": 0.822319767164464,
 "clas": 0.7995712754555199,
 "upos": 0.9636910157927382,
 "xpos": 0.9222291139844458,
 "ufeats": 0.9519061023903812,
 "n_sentences": 1306,
 "n_words": 20959
}