{
 "perseus": {
  "treebank": "perseus",
  "split": "test",
  "parsed": true,
  "upos": 0.9693687675938738,
  "xpos": 0.9356362421871273,
  "ufeats": 0.961209981392242,
  "lemma": 0.9440335893888068,
  "uas": 0.8915978815783195,
  "las": 0.8437902571687581,
  "clas": 0.8322990435861868,
  "n_words": 20959,
  "n_sentences": 1306
 },
 "proiel": {
  "treebank": "proiel",
  "split": "test",
  "parsed": true,
  "upos": 0.871864203094487,
  "xpos": 0.0,
  "ufeats": 0.5949376596064293,
  "lemma": 0.905738320564819,
  "uas": 0.8252215712783536,
  "las": 0.6352711431575785,
  "clas": 0.6099796893012022,
  "n_words": 13314,
  "n_sentences": 1047
 }
}