{
 "checkpoint": "pyaegean_repo/training/out/parser/model",
 "treebank": "proiel",
 "split": "test",
 "uas": 0.8161333934204597,
 "las": 0.6318161333934205,
 "clas": 0.6068727758007118,
 "upos": 0.8741174703319814,
 "xpos": 0.0,
 "ufeats": 0.5881778578939463,
 "n_sentences": 1047,
 "n_words": 13314
}