{
 "checkpoint": "pyaegean_repo/training/out/parser/model",
 "treebank": "perseus",
 "split": "test",
 "uas": 0.8749463237749893,
 "las": 0.8230354501646071,
 "clas": 0.8003250350890153,
 "upos": 0.9620688009924138,
 "xpos": 0.9209885967841978,
 "ufeats": 0.9518583901903717,
 "n_sentences": 1306,
 "n_words": 20959
}