{
 "checkpoint": "/content/pyaegean/training/out/exp-seed4/model",
 "compose": "lookup-first",
 "checkpoint_epochs": 12,
 "checkpoint_best_epoch": 10,
 "treebank": "perseus",
 "split": "test",
 "lemma": 0.9432224819886444,
 "uas": 0.8992795457798559,
 "las": 0.8540483801708096,
 "clas": 0.8487942003254919,
 "upos": 0.9708001335941601,
 "xpos": 0.9354453933870891,
 "ufeats": 0.9602080251920416,
 "n_sentences": 1306,
 "n_words": 20959
}