{
 "checkpoint": "pyaegean_repo/training/out/full/model",
 "compose": "lookup-first",
 "checkpoint_epochs": 12,
 "checkpoint_best_epoch": 11,
 "treebank": "perseus",
 "split": "test",
 "lemma": 0.9439858771887972,
 "uas": 0.8913593205782718,
 "las": 0.8436471205687294,
 "clas": 0.8321226501186347,
 "upos": 0.9694641919938929,
 "xpos": 0.9357316665871463,
 "ufeats": 0.9612576935922515,
 "n_sentences": 1306,
 "n_words": 20959
}