{
  "perseus": {
    "upos": {
      "mean": 0.9686530845937307,
      "std": 0.0017368813661921673,
      "n": 5,
      "runs": [
        0.9652178061930435,
        0.9697981773939597,
        0.9691779187938356,
        0.9692733431938547,
        0.9697981773939597
      ]
    },
    "xpos": {
      "mean": 0.9343289279068658,
      "std": 0.002315610260781337,
      "n": 5,
      "runs": [
        0.9298630659859726,
        0.936495061787299,
        0.9351114079870223,
        0.9346342859869269,
        0.9355408177871082
      ]
    },
    "ufeats": {
      "mean": 0.9610668447922134,
      "std": 0.000620625508526512,
      "n": 5,
      "runs": [
        0.9604942983920989,
        0.9619256643923851,
        0.9615916789923183,
        0.9603034495920607,
        0.9610191325922038
      ]
    },
    "lemma": {
      "mean": 0.9434324156686864,
      "std": 0.0003690840136612489,
      "n": 5,
      "runs": [
        0.9428884965885777,
        0.9439858771887972,
        0.943270194188654,
        0.9433656185886731,
        0.9436518917887303
      ]
    },
    "uas": {
      "mean": 0.8875232596975047,
      "std": 0.0032832927786967006,
      "n": 5,
      "runs": [
        0.881339758576268,
        0.8887828617777566,
        0.8885443007777089,
        0.8878286177775657,
        0.8911207595782241
      ]
    },
    "las": {
      "mean": 0.8396965504079392,
      "std": 0.004338023031770926,
      "n": 5,
      "runs": [
        0.8310988119662197,
        0.8415477837683095,
        0.8412137983682427,
        0.8416909203683381,
        0.8429314375685862
      ]
    }
  },
  "proiel": {
    "upos": {
      "mean": 0.8697761754544089,
      "std": 0.003713571567266689,
      "n": 5,
      "runs": [
        0.8627009163286766,
        0.8722397476340694,
        0.8730659456211507,
        0.8711882229232387,
        0.8696860447649091
      ]
    },
    "ufeats": {
      "mean": 0.5948775724800961,
      "std": 0.0007365270044843915,
      "n": 5,
      "runs": [
        0.5958389665014271,
        0.594261679435181,
        0.5938110259876821,
        0.5951629863301787,
        0.5953132041460117
      ]
    },
    "lemma": {
      "mean": 0.9051374493014871,
      "std": 0.000781998803354057,
      "n": 5,
      "runs": [
        0.9042361424064894,
        0.9064894096439837,
        0.905437884933153,
        0.9046116869460719,
        0.9049121225777377
      ]
    },
    "uas": {
      "mean": 0.8261529217365179,
      "std": 0.0017916898988008503,
      "n": 5,
      "runs": [
        0.8259726603575184,
        0.8286014721345951,
        0.8265735316208502,
        0.8230434129487757,
        0.8265735316208502
      ]
    },
    "las": {
      "mean": 0.6358419708577437,
      "std": 0.0018086125213510615,
      "n": 5,
      "runs": [
        0.635346252065495,
        0.6377497371188223,
        0.6366982124079916,
        0.6325672224725852,
        0.6368484302238245
      ]
    }
  }
}