{
  "upos": {
    "mean": 97.00271959540055,
    "std": 0.05656663136706321,
    "runs": [
      97.03707237940742,
      96.91302065938261,
      96.97504651939501,
      97.080013359416,
      97.0084450594017
    ]
  },
  "xpos": {
    "mean": 93.51972899470395,
    "std": 0.051156735163622125,
    "runs": [
      93.46819981869365,
      93.45865737869174,
      93.5970227587194,
      93.54453933870892,
      93.53022567870605
    ]
  },
  "ufeats": {
    "mean": 96.05610954721122,
    "std": 0.042739053726909865,
    "runs": [
      96.03511617920702,
      96.04465861920893,
      96.14008301922802,
      96.02080251920417,
      96.03988739920798
    ]
  },
  "lemma": {
    "mean": 94.30125483086024,
    "std": 0.01969537424547965,
    "runs": [
      94.27930721885586,
      94.3270194188654,
      94.28407843885681,
      94.32224819886444,
      94.29362087885872
    ]
  },
  "uas": {
    "mean": 90.15029343003006,
    "std": 0.11611232211008082,
    "runs": [
      90.23808387804762,
      90.24762631804953,
      90.16174435803235,
      89.92795457798559,
      90.1760580180352
    ]
  },
  "las": {
    "mean": 85.57755618111551,
    "std": 0.10109583577956681,
    "runs": [
      85.6624838971325,
      85.6529414571306,
      85.64817023712963,
      85.40483801708096,
      85.51934729710386
    ]
  }
}