{
 "checkpoint": "pyaegean_repo/training/out/full/model",
 "compose": "lookup-first",
 "treebank": "proiel",
 "split": "test",
 "lemma": 0.9023584197085774,
 "uas": 0.8236442842121076,
 "las": 0.6336938560913324,
 "clas": 0.6079551697615647,
 "upos": 0.8744930148715637,
 "xpos": 0.0,
 "ufeats": 0.5947874417905964,
 "n_sentences": 1047,
 "n_words": 13314
}