{
 "checkpoint": "pyaegean_repo/training/out/full/model",
 "compose": "lookup-first",
 "treebank": "perseus",
 "split": "test",
 "lemma": 0.9418865403883773,
 "uas": 0.8839639295767928,
 "las": 0.8362994417672599,
 "clas": 0.8227007299270073,
 "upos": 0.9667445965933489,
 "xpos": 0.9317715539863544,
 "ufeats": 0.9597309031919462,
 "n_sentences": 1306,
 "n_words": 20959
}